timestamp,region,daemon_ip,log_file,file,file_size_bytes,fragment_size_bytes,total_fragments,sources_used,compression,total_time_ms,avg_speed_KB_s,failed_fragments,sources_json
2026-03-17 14:25:19.081,osk,56.155.81.174,download-56.155.81.174-The Godfather - Home Movies.mkv.log,The Godfather - Home Movies.mkv,197256227,262144,753,8,True,464903,414,0,"[{""source"": ""32.195.67.201:6001"", ""fragments"": 66, ""bytes"": 17301504, ""time_ms"": 459872, ""speed_KB_s"": 36}, {""source"": ""100.54.135.117:6005"", ""fragments"": 22, ""bytes"": 5767168, ""time_ms"": 460985, ""speed_KB_s"": 12}, {""source"": ""54.236.243.227:6004"", ""fragments"": 20, ""bytes"": 5242880, ""time_ms"": 459850, ""speed_KB_s"": 11}, {""source"": ""44.192.106.49:6001"", ""fragments"": 52, ""bytes"": 13631488, ""time_ms"": 462722, ""speed_KB_s"": 28}, {""source"": ""13.39.21.10:6000"", ""fragments"": 300, ""bytes"": 78643200, ""time_ms"": 457409, ""speed_KB_s"": 167}, {""source"": ""3.234.226.220:6003"", ""fragments"": 110, ""bytes"": 28835840, ""time_ms"": 461241, ""speed_KB_s"": 61}, {""source"": ""44.220.89.93:6002"", ""fragments"": 109, ""bytes"": 28435491, ""time_ms"": 459285, ""speed_KB_s"": 60}, {""source"": ""13.220.244.217:6002"", ""fragments"": 74, ""bytes"": 19398656, ""time_ms"": 464855, ""speed_KB_s"": 40}]"
2026-03-17 14:35:44.511,osk,56.155.81.174,download-56.155.81.174-The Godfather - Home Movies.mkv.log,The Godfather - Home Movies.mkv,197256227,524288,377,8,True,389542,494,0,"[{""source"": ""32.195.67.201:6001"", ""fragments"": 28, ""bytes"": 14680064, ""time_ms"": 352159, ""speed_KB_s"": 40}, {""source"": ""100.54.135.117:6005"", ""fragments"": 9, ""bytes"": 4718592, ""time_ms"": 360530, ""speed_KB_s"": 12}, {""source"": ""54.236.243.227:6004"", ""fragments"": 8, ""bytes"": 4194304, ""time_ms"": 389530, ""speed_KB_s"": 10}, {""source"": ""44.192.106.49:6001"", ""fragments"": 22, ""bytes"": 11534336, ""time_ms"": 353670, ""speed_KB_s"": 31}, {""source"": ""13.39.21.10:6000"", ""fragments"": 177, ""bytes"": 92798976, ""time_ms"": 351264, ""speed_KB_s"": 257}, {""source"": ""3.234.226.220:6003"", ""fragments"": 51, ""bytes"": 26738688, ""time_ms"": 354158, ""speed_KB_s"": 73}, {""source"": ""44.220.89.93:6002"", ""fragments"": 50, ""bytes"": 25814051, ""time_ms"": 351107, ""speed_KB_s"": 71}, {""source"": ""13.220.244.217:6002"", ""fragments"": 32, ""bytes"": 16777216, ""time_ms"": 356029, ""speed_KB_s"": 46}]"
2026-03-17 15:40:21.899,osk,56.155.81.174,download-56.155.81.174-The Godfather - Home Movies.mkv.log,The Godfather - Home Movies.mkv,197256227,131072,1505,8,True,599402,321,0,"[{""source"": ""32.195.67.201:6001"", ""fragments"": 154, ""bytes"": 20185088, ""time_ms"": 594429, ""speed_KB_s"": 33}, {""source"": ""100.54.135.117:6005"", ""fragments"": 56, ""bytes"": 7340032, ""time_ms"": 599381, ""speed_KB_s"": 11}, {""source"": ""54.236.243.227:6004"", ""fragments"": 49, ""bytes"": 6422528, ""time_ms"": 596511, ""speed_KB_s"": 10}, {""source"": ""44.192.106.49:6001"", ""fragments"": 126, ""bytes"": 16515072, ""time_ms"": 594300, ""speed_KB_s"": 27}, {""source"": ""13.39.21.10:6000"", ""fragments"": 469, ""bytes"": 61465635, ""time_ms"": 594372, ""speed_KB_s"": 100}, {""source"": ""3.234.226.220:6003"", ""fragments"": 240, ""bytes"": 31457280, ""time_ms"": 594153, ""speed_KB_s"": 51}, {""source"": ""44.220.89.93:6002"", ""fragments"": 240, ""bytes"": 31457280, ""time_ms"": 593842, ""speed_KB_s"": 51}, {""source"": ""13.220.244.217:6002"", ""fragments"": 171, ""bytes"": 22413312, ""time_ms"": 594307, ""speed_KB_s"": 36}]"
2026-03-17 16:06:47.387,osk,56.155.81.174,download-56.155.81.174-The Godfather - Home Movies.mkv.log,The Godfather - Home Movies.mkv,197256227,262144,753,9,True,457972,420,0,"[{""source"": ""32.195.67.201:6001"", ""fragments"": 67, ""bytes"": 17563648, ""time_ms"": 448925, ""speed_KB_s"": 38}, {""source"": ""100.54.135.117:6005"", ""fragments"": 25, ""bytes"": 6553600, ""time_ms"": 457957, ""speed_KB_s"": 13}, {""source"": ""54.236.243.227:6004"", ""fragments"": 22, ""bytes"": 5767168, ""time_ms"": 448353, ""speed_KB_s"": 12}, {""source"": ""44.220.89.93:6007"", ""fragments"": 4, ""bytes"": 1048576, ""time_ms"": 19147, ""speed_KB_s"": 53}, {""source"": ""44.192.106.49:6001"", ""fragments"": 54, ""bytes"": 14155776, ""time_ms"": 451738, ""speed_KB_s"": 30}, {""source"": ""13.39.21.10:6000"", ""fragments"": 293, ""bytes"": 76808192, ""time_ms"": 445003, ""speed_KB_s"": 168}, {""source"": ""3.234.226.220:6003"", ""fragments"": 109, ""bytes"": 28573696, ""time_ms"": 445477, ""speed_KB_s"": 62}, {""source"": ""44.220.89.93:6002"", ""fragments"": 104, ""bytes"": 27262976, ""time_ms"": 445546, ""speed_KB_s"": 59}, {""source"": ""13.220.244.217:6002"", ""fragments"": 75, ""bytes"": 19522595, ""time_ms"": 445120, ""speed_KB_s"": 42}]"
2026-03-17 16:17:33.740,osk,56.155.81.174,download-56.155.81.174-The Godfather - Home Movies.mkv.log,The Godfather - Home Movies.mkv,197256227,524288,377,8,True,409536,470,0,"[{""source"": ""32.195.67.201:6001"", ""fragments"": 27, ""bytes"": 14155776, ""time_ms"": 378908, ""speed_KB_s"": 36}, {""source"": ""100.54.135.117:6005"", ""fragments"": 10, ""bytes"": 5242880, ""time_ms"": 409521, ""speed_KB_s"": 12}, {""source"": ""54.236.243.227:6004"", ""fragments"": 8, ""bytes"": 4194304, ""time_ms"": 383454, ""speed_KB_s"": 10}, {""source"": ""44.192.106.49:6001"", ""fragments"": 21, ""bytes"": 11010048, ""time_ms"": 385008, ""speed_KB_s"": 27}, {""source"": ""13.39.21.10:6000"", ""fragments"": 186, ""bytes"": 97117219, ""time_ms"": 369852, ""speed_KB_s"": 256}, {""source"": ""3.234.226.220:6003"", ""fragments"": 47, ""bytes"": 24641536, ""time_ms"": 372017, ""speed_KB_s"": 64}, {""source"": ""44.220.89.93:6002"", ""fragments"": 47, ""bytes"": 24641536, ""time_ms"": 372801, ""speed_KB_s"": 64}, {""source"": ""13.220.244.217:6002"", ""fragments"": 31, ""bytes"": 16252928, ""time_ms"": 371394, ""speed_KB_s"": 42}]"
2026-03-17 16:27:16.006,osk,56.155.81.174,download-56.155.81.174-The Godfather - Home Movies.mkv.log,The Godfather - Home Movies.mkv,197256227,1048576,189,8,True,293671,655,0,"[{""source"": ""32.195.67.201:6001"", ""fragments"": 11, ""bytes"": 11534336, ""time_ms"": 285123, ""speed_KB_s"": 39}, {""source"": ""100.54.135.117:6005"", ""fragments"": 4, ""bytes"": 4194304, ""time_ms"": 293661, ""speed_KB_s"": 13}, {""source"": ""54.236.243.227:6004"", ""fragments"": 3, ""bytes"": 3145728, ""time_ms"": 282370, ""speed_KB_s"": 10}, {""source"": ""44.192.106.49:6001"", ""fragments"": 8, ""bytes"": 8388608, ""time_ms"": 277805, ""speed_KB_s"": 29}, {""source"": ""13.39.21.10:6000"", ""fragments"": 115, ""bytes"": 119661603, ""time_ms"": 272043, ""speed_KB_s"": 429}, {""source"": ""3.234.226.220:6003"", ""fragments"": 18, ""bytes"": 18874368, ""time_ms"": 275836, ""speed_KB_s"": 66}, {""source"": ""44.220.89.93:6002"", ""fragments"": 18, ""bytes"": 18874368, ""time_ms"": 279728, ""speed_KB_s"": 65}, {""source"": ""13.220.244.217:6002"", ""fragments"": 12, ""bytes"": 12582912, ""time_ms"": 272413, ""speed_KB_s"": 45}]"
2026-03-17 16:41:12.608,osk,56.155.81.174,download-56.155.81.174-The Godfather - Home Movies.mkv.log,The Godfather - Home Movies.mkv,197256227,2097152,95,8,True,353992,544,0,"[{""source"": ""32.195.67.201:6001"", ""fragments"": 4, ""bytes"": 8388608, ""time_ms"": 237128, ""speed_KB_s"": 34}, {""source"": ""100.54.135.117:6005"", ""fragments"": 2, ""bytes"": 4194304, ""time_ms"": 353983, ""speed_KB_s"": 11}, {""source"": ""54.236.243.227:6004"", ""fragments"": 2, ""bytes"": 2221091, ""time_ms"": 200608, ""speed_KB_s"": 10}, {""source"": ""44.192.106.49:6001"", ""fragments"": 3, ""bytes"": 6291456, ""time_ms"": 232742, ""speed_KB_s"": 26}, {""source"": ""13.39.21.10:6000"", ""fragments"": 68, ""bytes"": 142606336, ""time_ms"": 192618, ""speed_KB_s"": 723}, {""source"": ""3.234.226.220:6003"", ""fragments"": 6, ""bytes"": 12582912, ""time_ms"": 210996, ""speed_KB_s"": 58}, {""source"": ""44.220.89.93:6002"", ""fragments"": 6, ""bytes"": 12582912, ""time_ms"": 211718, ""speed_KB_s"": 58}, {""source"": ""13.220.244.217:6002"", ""fragments"": 4, ""bytes"": 8388608, ""time_ms"": 214086, ""speed_KB_s"": 38}]"
2026-03-17 16:55:13.002,osk,56.155.81.174,download-56.155.81.174-The Godfather - Home Movies.mkv.log,The Godfather - Home Movies.mkv,197256227,131072,1505,8,False,598941,321,0,"[{""source"": ""32.195.67.201:6001"", ""fragments"": 153, ""bytes"": 20054016, ""time_ms"": 596987, ""speed_KB_s"": 32}, {""source"": ""100.54.135.117:6005"", ""fragments"": 55, ""bytes"": 7208960, ""time_ms"": 595717, ""speed_KB_s"": 11}, {""source"": ""54.236.243.227:6004"", ""fragments"": 50, ""bytes"": 6553600, ""time_ms"": 597947, ""speed_KB_s"": 10}, {""source"": ""44.192.106.49:6001"", ""fragments"": 127, ""bytes"": 16646144, ""time_ms"": 598898, ""speed_KB_s"": 27}, {""source"": ""13.39.21.10:6000"", ""fragments"": 468, ""bytes"": 61341696, ""time_ms"": 596250, ""speed_KB_s"": 100}, {""source"": ""3.234.226.220:6003"", ""fragments"": 241, ""bytes"": 31581219, ""time_ms"": 598375, ""speed_KB_s"": 51}, {""source"": ""44.220.89.93:6002"", ""fragments"": 240, ""bytes"": 31457280, ""time_ms"": 596681, ""speed_KB_s"": 51}, {""source"": ""13.220.244.217:6002"", ""fragments"": 171, ""bytes"": 22413312, ""time_ms"": 598863, ""speed_KB_s"": 36}]"
2026-03-17 17:06:29.375,osk,56.155.81.174,download-56.155.81.174-The Godfather - Home Movies.mkv.log,The Godfather - Home Movies.mkv,197256227,262144,753,8,False,457784,420,0,"[{""source"": ""32.195.67.201:6001"", ""fragments"": 69, ""bytes"": 17949731, ""time_ms"": 447266, ""speed_KB_s"": 39}, {""source"": ""100.54.135.117:6005"", ""fragments"": 20, ""bytes"": 5242880, ""time_ms"": 447622, ""speed_KB_s"": 11}, {""source"": ""54.236.243.227:6004"", ""fragments"": 20, ""bytes"": 5242880, ""time_ms"": 457776, ""speed_KB_s"": 11}, {""source"": ""44.192.106.49:6001"", ""fragments"": 53, ""bytes"": 13893632, ""time_ms"": 448644, ""speed_KB_s"": 30}, {""source"": ""13.39.21.10:6000"", ""fragments"": 291, ""bytes"": 76283904, ""time_ms"": 443909, ""speed_KB_s"": 167}, {""source"": ""3.234.226.220:6003"", ""fragments"": 113, ""bytes"": 29622272, ""time_ms"": 443145, ""speed_KB_s"": 65}, {""source"": ""44.220.89.93:6002"", ""fragments"": 112, ""bytes"": 29360128, ""time_ms"": 447763, ""speed_KB_s"": 64}, {""source"": ""13.220.244.217:6002"", ""fragments"": 75, ""bytes"": 19660800, ""time_ms"": 447325, ""speed_KB_s"": 42}]"
2026-03-17 17:17:07.122,osk,56.155.81.174,download-56.155.81.174-The Godfather - Home Movies.mkv.log,The Godfather - Home Movies.mkv,197256227,524288,377,8,False,392362,490,0,"[{""source"": ""32.195.67.201:6001"", ""fragments"": 28, ""bytes"": 14680064, ""time_ms"": 368109, ""speed_KB_s"": 38}, {""source"": ""100.54.135.117:6005"", ""fragments"": 9, ""bytes"": 4718592, ""time_ms"": 385089, ""speed_KB_s"": 11}, {""source"": ""54.236.243.227:6004"", ""fragments"": 8, ""bytes"": 4194304, ""time_ms"": 392348, ""speed_KB_s"": 10}, {""source"": ""44.192.106.49:6001"", ""fragments"": 22, ""bytes"": 11534336, ""time_ms"": 364513, ""speed_KB_s"": 30}, {""source"": ""13.39.21.10:6000"", ""fragments"": 183, ""bytes"": 95544355, ""time_ms"": 357874, ""speed_KB_s"": 260}, {""source"": ""3.234.226.220:6003"", ""fragments"": 48, ""bytes"": 25165824, ""time_ms"": 363261, ""speed_KB_s"": 67}, {""source"": ""44.220.89.93:6002"", ""fragments"": 47, ""bytes"": 24641536, ""time_ms"": 359967, ""speed_KB_s"": 66}, {""source"": ""13.220.244.217:6002"", ""fragments"": 32, ""bytes"": 16777216, ""time_ms"": 363993, ""speed_KB_s"": 45}]"
2026-03-17 17:27:20.788,osk,56.155.81.174,download-56.155.81.174-The Godfather - Home Movies.mkv.log,The Godfather - Home Movies.mkv,197256227,1048576,189,8,False,335117,574,0,"[{""source"": ""32.195.67.201:6001"", ""fragments"": 11, ""bytes"": 11534336, ""time_ms"": 249560, ""speed_KB_s"": 45}, {""source"": ""100.54.135.117:6005"", ""fragments"": 3, ""bytes"": 3145728, ""time_ms"": 259869, ""speed_KB_s"": 11}, {""source"": ""54.236.243.227:6004"", ""fragments"": 5, ""bytes"": 5242880, ""time_ms"": 335109, ""speed_KB_s"": 15}, {""source"": ""44.192.106.49:6001"", ""fragments"": 11, ""bytes"": 11534336, ""time_ms"": 255456, ""speed_KB_s"": 44}, {""source"": ""13.39.21.10:6000"", ""fragments"": 104, ""bytes"": 108127267, ""time_ms"": 242328, ""speed_KB_s"": 435}, {""source"": ""3.234.226.220:6003"", ""fragments"": 19, ""bytes"": 19922944, ""time_ms"": 244834, ""speed_KB_s"": 79}, {""source"": ""44.220.89.93:6002"", ""fragments"": 21, ""bytes"": 22020096, ""time_ms"": 249542, ""speed_KB_s"": 86}, {""source"": ""13.220.244.217:6002"", ""fragments"": 15, ""bytes"": 15728640, ""time_ms"": 259645, ""speed_KB_s"": 59}]"
2026-03-17 14:00:27.558,virginia,100.31.121.56,download-100.31.121.56-The Godfather - Home Movies.mkv.log,The Godfather - Home Movies.mkv,197256227,131072,1505,8,True,431277,446,0,"[{""source"": ""32.195.67.201:6001"", ""fragments"": 115, ""bytes"": 15073280, ""time_ms"": 422320, ""speed_KB_s"": 34}, {""source"": ""100.54.135.117:6005"", ""fragments"": 40, ""bytes"": 5242880, ""time_ms"": 431261, ""speed_KB_s"": 11}, {""source"": ""54.236.243.227:6004"", ""fragments"": 36, ""bytes"": 4718592, ""time_ms"": 429661, ""speed_KB_s"": 10}, {""source"": ""44.192.106.49:6001"", ""fragments"": 89, ""bytes"": 11665408, ""time_ms"": 424775, ""speed_KB_s"": 26}, {""source"": ""13.39.21.10:6000"", ""fragments"": 666, ""bytes"": 87293952, ""time_ms"": 420939, ""speed_KB_s"": 202}, {""source"": ""3.234.226.220:6003"", ""fragments"": 214, ""bytes"": 28042275, ""time_ms"": 421855, ""speed_KB_s"": 64}, {""source"": ""44.220.89.93:6002"", ""fragments"": 211, ""bytes"": 27656192, ""time_ms"": 421361, ""speed_KB_s"": 64}, {""source"": ""13.220.244.217:6002"", ""fragments"": 134, ""bytes"": 17563648, ""time_ms"": 422555, ""speed_KB_s"": 40}]"
2026-03-17 14:33:53.431,virginia,100.31.121.56,download-100.31.121.56-The Godfather - Home Movies.mkv.log,The Godfather - Home Movies.mkv,197256227,524288,377,8,True,377293,510,0,"[{""source"": ""32.195.67.201:6001"", ""fragments"": 24, ""bytes"": 12582912, ""time_ms"": 338795, ""speed_KB_s"": 36}, {""source"": ""100.54.135.117:6005"", ""fragments"": 8, ""bytes"": 4194304, ""time_ms"": 343897, ""speed_KB_s"": 11}, {""source"": ""54.236.243.227:6004"", ""fragments"": 8, ""bytes"": 4194304, ""time_ms"": 377279, ""speed_KB_s"": 10}, {""source"": ""44.192.106.49:6001"", ""fragments"": 19, ""bytes"": 9561123, ""time_ms"": 334101, ""speed_KB_s"": 27}, {""source"": ""13.39.21.10:6000"", ""fragments"": 210, ""bytes"": 110100480, ""time_ms"": 331148, ""speed_KB_s"": 324}, {""source"": ""3.234.226.220:6003"", ""fragments"": 40, ""bytes"": 20971520, ""time_ms"": 331345, ""speed_KB_s"": 61}, {""source"": ""44.220.89.93:6002"", ""fragments"": 40, ""bytes"": 20971520, ""time_ms"": 333904, ""speed_KB_s"": 61}, {""source"": ""13.220.244.217:6002"", ""fragments"": 28, ""bytes"": 14680064, ""time_ms"": 343075, ""speed_KB_s"": 41}]"
2026-03-17 16:06:47.292,virginia,100.31.121.56,download-100.31.121.56-The Godfather - Home Movies.mkv.log,The Godfather - Home Movies.mkv,197256227,262144,753,8,True,374592,514,0,"[{""source"": ""32.195.67.201:6001"", ""fragments"": 50, ""bytes"": 13107200, ""time_ms"": 367719, ""speed_KB_s"": 34}, {""source"": ""100.54.135.117:6005"", ""fragments"": 17, ""bytes"": 4456448, ""time_ms"": 369194, ""speed_KB_s"": 11}, {""source"": ""54.236.243.227:6004"", ""fragments"": 16, ""bytes"": 4194304, ""time_ms"": 374577, ""speed_KB_s"": 10}, {""source"": ""44.192.106.49:6001"", ""fragments"": 38, ""bytes"": 9961472, ""time_ms"": 369381, ""speed_KB_s"": 26}, {""source"": ""13.39.21.10:6000"", ""fragments"": 402, ""bytes"": 105381888, ""time_ms"": 366578, ""speed_KB_s"": 280}, {""source"": ""3.234.226.220:6003"", ""fragments"": 87, ""bytes"": 22806528, ""time_ms"": 367762, ""speed_KB_s"": 60}, {""source"": ""44.220.89.93:6002"", ""fragments"": 86, ""bytes"": 22406179, ""time_ms"": 366541, ""speed_KB_s"": 59}, {""source"": ""13.220.244.217:6002"", ""fragments"": 57, ""bytes"": 14942208, ""time_ms"": 368055, ""speed_KB_s"": 39}]"
2026-03-17 16:16:27.704,virginia,100.31.121.56,download-100.31.121.56-The Godfather - Home Movies.mkv.log,The Godfather - Home Movies.mkv,197256227,524288,377,8,True,370178,520,0,"[{""source"": ""32.195.67.201:6001"", ""fragments"": 24, ""bytes"": 12582912, ""time_ms"": 340241, ""speed_KB_s"": 36}, {""source"": ""100.54.135.117:6005"", ""fragments"": 8, ""bytes"": 4194304, ""time_ms"": 342334, ""speed_KB_s"": 11}, {""source"": ""54.236.243.227:6004"", ""fragments"": 8, ""bytes"": 4194304, ""time_ms"": 370168, ""speed_KB_s"": 11}, {""source"": ""44.192.106.49:6001"", ""fragments"": 19, ""bytes"": 9961472, ""time_ms"": 349016, ""speed_KB_s"": 27}, {""source"": ""13.39.21.10:6000"", ""fragments"": 212, ""bytes"": 110748707, ""time_ms"": 333440, ""speed_KB_s"": 324}, {""source"": ""3.234.226.220:6003"", ""fragments"": 40, ""bytes"": 20971520, ""time_ms"": 339695, ""speed_KB_s"": 60}, {""source"": ""44.220.89.93:6002"", ""fragments"": 39, ""bytes"": 20447232, ""time_ms"": 334261, ""speed_KB_s"": 59}, {""source"": ""13.220.244.217:6002"", ""fragments"": 27, ""bytes"": 14155776, ""time_ms"": 344341, ""speed_KB_s"": 40}]"
2026-03-17 16:27:09.884,virginia,100.31.121.56,download-100.31.121.56-The Godfather - Home Movies.mkv.log,The Godfather - Home Movies.mkv,197256227,1048576,189,8,True,376383,511,0,"[{""source"": ""32.195.67.201:6001"", ""fragments"": 11, ""bytes"": 11534336, ""time_ms"": 324771, ""speed_KB_s"": 34}, {""source"": ""100.54.135.117:6005"", ""fragments"": 4, ""bytes"": 4194304, ""time_ms"": 329072, ""speed_KB_s"": 12}, {""source"": ""54.236.243.227:6004"", ""fragments"": 4, ""bytes"": 4194304, ""time_ms"": 376370, ""speed_KB_s"": 10}, {""source"": ""44.192.106.49:6001"", ""fragments"": 9, ""bytes"": 9437184, ""time_ms"": 334398, ""speed_KB_s"": 27}, {""source"": ""13.39.21.10:6000"", ""fragments"": 113, ""bytes"": 117564451, ""time_ms"": 306373, ""speed_KB_s"": 374}, {""source"": ""3.234.226.220:6003"", ""fragments"": 18, ""bytes"": 18874368, ""time_ms"": 321233, ""speed_KB_s"": 57}, {""source"": ""44.220.89.93:6002"", ""fragments"": 18, ""bytes"": 18874368, ""time_ms"": 320630, ""speed_KB_s"": 57}, {""source"": ""13.220.244.217:6002"", ""fragments"": 12, ""bytes"": 12582912, ""time_ms"": 306132, ""speed_KB_s"": 40}]"
2026-03-17 16:40:31.895,virginia,100.31.121.56,download-100.31.121.56-The Godfather - Home Movies.mkv.log,The Godfather - Home Movies.mkv,197256227,2097152,95,8,True,324267,594,0,"[{""source"": ""32.195.67.201:6001"", ""fragments"": 6, ""bytes"": 12582912, ""time_ms"": 304609, ""speed_KB_s"": 40}, {""source"": ""100.54.135.117:6005"", ""fragments"": 2, ""bytes"": 4194304, ""time_ms"": 324258, ""speed_KB_s"": 12}, {""source"": ""54.236.243.227:6004"", ""fragments"": 2, ""bytes"": 4194304, ""time_ms"": 296864, ""speed_KB_s"": 13}, {""source"": ""44.192.106.49:6001"", ""fragments"": 5, ""bytes"": 10485760, ""time_ms"": 313495, ""speed_KB_s"": 32}, {""source"": ""13.39.21.10:6000"", ""fragments"": 54, ""bytes"": 111272995, ""time_ms"": 283420, ""speed_KB_s"": 383}, {""source"": ""3.234.226.220:6003"", ""fragments"": 10, ""bytes"": 20971520, ""time_ms"": 297286, ""speed_KB_s"": 68}, {""source"": ""44.220.89.93:6002"", ""fragments"": 9, ""bytes"": 18874368, ""time_ms"": 284223, ""speed_KB_s"": 64}, {""source"": ""13.220.244.217:6002"", ""fragments"": 7, ""bytes"": 14680064, ""time_ms"": 302196, ""speed_KB_s"": 47}]"
2026-03-17 16:50:08.785,virginia,100.31.121.56,download-100.31.121.56-The Godfather - Home Movies.mkv.log,The Godfather - Home Movies.mkv,197256227,131072,1505,8,False,429080,448,0,"[{""source"": ""32.195.67.201:6001"", ""fragments"": 117, ""bytes"": 15335424, ""time_ms"": 420637, ""speed_KB_s"": 35}, {""source"": ""100.54.135.117:6005"", ""fragments"": 40, ""bytes"": 5242880, ""time_ms"": 422143, ""speed_KB_s"": 12}, {""source"": ""54.236.243.227:6004"", ""fragments"": 36, ""bytes"": 4718592, ""time_ms"": 429068, ""speed_KB_s"": 10}, {""source"": ""44.192.106.49:6001"", ""fragments"": 89, ""bytes"": 11665408, ""time_ms"": 423126, ""speed_KB_s"": 26}, {""source"": ""13.39.21.10:6000"", ""fragments"": 666, ""bytes"": 87293952, ""time_ms"": 419895, ""speed_KB_s"": 203}, {""source"": ""3.234.226.220:6003"", ""fragments"": 214, ""bytes"": 28042275, ""time_ms"": 421455, ""speed_KB_s"": 64}, {""source"": ""44.220.89.93:6002"", ""fragments"": 210, ""bytes"": 27525120, ""time_ms"": 419767, ""speed_KB_s"": 64}, {""source"": ""13.220.244.217:6002"", ""fragments"": 133, ""bytes"": 17432576, ""time_ms"": 420237, ""speed_KB_s"": 40}]"
2026-03-17 16:58:49.068,virginia,100.31.121.56,download-100.31.121.56-The Godfather - Home Movies.mkv.log,The Godfather - Home Movies.mkv,197256227,262144,753,8,False,363923,529,0,"[{""source"": ""32.195.67.201:6001"", ""fragments"": 54, ""bytes"": 14155776, ""time_ms"": 358444, ""speed_KB_s"": 38}, {""source"": ""100.54.135.117:6005"", ""fragments"": 18, ""bytes"": 4718592, ""time_ms"": 363904, ""speed_KB_s"": 12}, {""source"": ""54.236.243.227:6004"", ""fragments"": 16, ""bytes"": 4194304, ""time_ms"": 356857, ""speed_KB_s"": 11}, {""source"": ""44.192.106.49:6001"", ""fragments"": 41, ""bytes"": 10747904, ""time_ms"": 361035, ""speed_KB_s"": 29}, {""source"": ""13.39.21.10:6000"", ""fragments"": 375, ""bytes"": 98304000, ""time_ms"": 357323, ""speed_KB_s"": 268}, {""source"": ""3.234.226.220:6003"", ""fragments"": 95, ""bytes"": 24903680, ""time_ms"": 358550, ""speed_KB_s"": 67}, {""source"": ""44.220.89.93:6002"", ""fragments"": 93, ""bytes"": 24379392, ""time_ms"": 358928, ""speed_KB_s"": 66}, {""source"": ""13.220.244.217:6002"", ""fragments"": 61, ""bytes"": 15852579, ""time_ms"": 358353, ""speed_KB_s"": 43}]"
2026-03-17 17:08:29.317,virginia,100.31.121.56,download-100.31.121.56-The Godfather - Home Movies.mkv.log,The Godfather - Home Movies.mkv,197256227,524288,377,8,False,360689,534,0,"[{""source"": ""32.195.67.201:6001"", ""fragments"": 27, ""bytes"": 14155776, ""time_ms"": 342932, ""speed_KB_s"": 40}, {""source"": ""100.54.135.117:6005"", ""fragments"": 7, ""bytes"": 3670016, ""time_ms"": 333670, ""speed_KB_s"": 10}, {""source"": ""54.236.243.227:6004"", ""fragments"": 8, ""bytes"": 4194304, ""time_ms"": 360677, ""speed_KB_s"": 11}, {""source"": ""44.192.106.49:6001"", ""fragments"": 20, ""bytes"": 10485760, ""time_ms"": 331034, ""speed_KB_s"": 30}, {""source"": ""13.39.21.10:6000"", ""fragments"": 199, ""bytes"": 103932963, ""time_ms"": 329260, ""speed_KB_s"": 308}, {""source"": ""3.234.226.220:6003"", ""fragments"": 44, ""bytes"": 23068672, ""time_ms"": 329545, ""speed_KB_s"": 68}, {""source"": ""44.220.89.93:6002"", ""fragments"": 43, ""bytes"": 22544384, ""time_ms"": 329787, ""speed_KB_s"": 66}, {""source"": ""13.220.244.217:6002"", ""fragments"": 29, ""bytes"": 15204352, ""time_ms"": 328773, ""speed_KB_s"": 45}]"
2026-03-17 17:19:43.972,virginia,100.31.121.56,download-100.31.121.56-The Godfather - Home Movies.mkv.log,The Godfather - Home Movies.mkv,197256227,1048576,189,8,False,376281,511,0,"[{""source"": ""32.195.67.201:6001"", ""fragments"": 13, ""bytes"": 13631488, ""time_ms"": 315465, ""speed_KB_s"": 42}, {""source"": ""100.54.135.117:6005"", ""fragments"": 4, ""bytes"": 4194304, ""time_ms"": 321581, ""speed_KB_s"": 12}, {""source"": ""54.236.243.227:6004"", ""fragments"": 4, ""bytes"": 4194304, ""time_ms"": 376257, ""speed_KB_s"": 10}, {""source"": ""44.192.106.49:6001"", ""fragments"": 10, ""bytes"": 10485760, ""time_ms"": 311420, ""speed_KB_s"": 32}, {""source"": ""13.39.21.10:6000"", ""fragments"": 98, ""bytes"": 102760448, ""time_ms"": 305195, ""speed_KB_s"": 328}, {""source"": ""3.234.226.220:6003"", ""fragments"": 22, ""bytes"": 23068672, ""time_ms"": 311583, ""speed_KB_s"": 72}, {""source"": ""44.220.89.93:6002"", ""fragments"": 22, ""bytes"": 23068672, ""time_ms"": 311306, ""speed_KB_s"": 72}, {""source"": ""13.220.244.217:6002"", ""fragments"": 16, ""bytes"": 15852579, ""time_ms"": 307968, ""speed_KB_s"": 50}]"
2026-03-17 17:47:14.633,virginia,100.31.121.56,download-100.31.121.56-The Godfather - Home Movies.mkv.log,The Godfather - Home Movies.mkv,197256227,131072,1505,5,True,478991,402,0,"[{""source"": ""44.192.106.49:6001"", ""fragments"": 97, ""bytes"": 12713984, ""time_ms"": 478215, ""speed_KB_s"": 25}, {""source"": ""13.39.21.10:6000"", ""fragments"": 769, ""bytes"": 100794368, ""time_ms"": 477828, ""speed_KB_s"": 205}, {""source"": ""3.234.226.220:6003"", ""fragments"": 243, ""bytes"": 31850496, ""time_ms"": 478383, ""speed_KB_s"": 65}, {""source"": ""44.220.89.93:6002"", ""fragments"": 238, ""bytes"": 31188003, ""time_ms"": 478223, ""speed_KB_s"": 63}, {""source"": ""13.220.244.217:6002"", ""fragments"": 158, ""bytes"": 20709376, ""time_ms"": 478919, ""speed_KB_s"": 42}]"
2026-03-17 17:54:00.463,virginia,100.31.121.56,download-100.31.121.56-The Godfather - Home Movies.mkv.log,The Godfather - Home Movies.mkv,197256227,262144,753,5,True,405060,475,0,"[{""source"": ""44.192.106.49:6001"", ""fragments"": 43, ""bytes"": 11272192, ""time_ms"": 405034, ""speed_KB_s"": 27}, {""source"": ""13.39.21.10:6000"", ""fragments"": 471, ""bytes"": 123469824, ""time_ms"": 399207, ""speed_KB_s"": 302}, {""source"": ""3.234.226.220:6003"", ""fragments"": 101, ""bytes"": 26476544, ""time_ms"": 401654, ""speed_KB_s"": 64}, {""source"": ""44.220.89.93:6002"", ""fragments"": 99, ""bytes"": 25814051, ""time_ms"": 399611, ""speed_KB_s"": 63}, {""source"": ""13.220.244.217:6002"", ""fragments"": 39, ""bytes"": 10223616, ""time_ms"": 226363, ""speed_KB_s"": 44}]"
2026-03-17 18:00:04.752,virginia,100.31.121.56,download-100.31.121.56-The Godfather - Home Movies.mkv.log,The Godfather - Home Movies.mkv,197256227,524288,377,4,True,363446,530,0,"[{""source"": ""44.192.106.49:6001"", ""fragments"": 19, ""bytes"": 9961472, ""time_ms"": 362745, ""speed_KB_s"": 26}, {""source"": ""13.39.21.10:6000"", ""fragments"": 268, ""bytes"": 140509184, ""time_ms"": 359635, ""speed_KB_s"": 381}, {""source"": ""3.234.226.220:6003"", ""fragments"": 45, ""bytes"": 23592960, ""time_ms"": 363414, ""speed_KB_s"": 63}, {""source"": ""44.220.89.93:6002"", ""fragments"": 45, ""bytes"": 23192611, ""time_ms"": 360694, ""speed_KB_s"": 62}]"
2026-03-17 18:05:31.638,virginia,100.31.121.56,download-100.31.121.56-The Godfather - Home Movies.mkv.log,The Godfather - Home Movies.mkv,197256227,1048576,189,4,True,325746,591,0,"[{""source"": ""44.192.106.49:6001"", ""fragments"": 9, ""bytes"": 9437184, ""time_ms"": 321430, ""speed_KB_s"": 28}, {""source"": ""13.39.21.10:6000"", ""fragments"": 138, ""bytes"": 143778851, ""time_ms"": 314466, ""speed_KB_s"": 446}, {""source"": ""3.234.226.220:6003"", ""fragments"": 21, ""bytes"": 22020096, ""time_ms"": 319403, ""speed_KB_s"": 67}, {""source"": ""44.220.89.93:6002"", ""fragments"": 21, ""bytes"": 22020096, ""time_ms"": 325708, ""speed_KB_s"": 66}]"
2026-03-17 18:11:25.500,virginia,100.31.121.56,download-100.31.121.56-The Godfather - Home Movies.mkv.log,The Godfather - Home Movies.mkv,197256227,2097152,95,4,True,353044,545,0,"[{""source"": ""44.192.106.49:6001"", ""fragments"": 5, ""bytes"": 10485760, ""time_ms"": 353031, ""speed_KB_s"": 29}, {""source"": ""13.39.21.10:6000"", ""fragments"": 70, ""bytes"": 144827427, ""time_ms"": 293494, ""speed_KB_s"": 481}, {""source"": ""3.234.226.220:6003"", ""fragments"": 10, ""bytes"": 20971520, ""time_ms"": 314710, ""speed_KB_s"": 65}, {""source"": ""44.220.89.93:6002"", ""fragments"": 10, ""bytes"": 20971520, ""time_ms"": 316231, ""speed_KB_s"": 64}]"
2026-03-17 18:20:13.484,virginia,100.31.121.56,download-100.31.121.56-The Godfather - Home Movies.mkv.log,The Godfather - Home Movies.mkv,197256227,131072,1505,4,False,527334,365,0,"[{""source"": ""44.192.106.49:6001"", ""fragments"": 108, ""bytes"": 14155776, ""time_ms"": 527293, ""speed_KB_s"": 26}, {""source"": ""13.39.21.10:6000"", ""fragments"": 871, ""bytes"": 114156579, ""time_ms"": 525402, ""speed_KB_s"": 212}, {""source"": ""3.234.226.220:6003"", ""fragments"": 265, ""bytes"": 34734080, ""time_ms"": 525526, ""speed_KB_s"": 64}, {""source"": ""44.220.89.93:6002"", ""fragments"": 261, ""bytes"": 34209792, ""time_ms"": 526227, ""speed_KB_s"": 63}]"
2026-03-17 18:27:12.516,virginia,100.31.121.56,download-100.31.121.56-The Godfather - Home Movies.mkv.log,The Godfather - Home Movies.mkv,197256227,262144,753,4,False,418149,460,0,"[{""source"": ""44.192.106.49:6001"", ""fragments"": 45, ""bytes"": 11796480, ""time_ms"": 418123, ""speed_KB_s"": 27}, {""source"": ""13.39.21.10:6000"", ""fragments"": 495, ""bytes"": 129623075, ""time_ms"": 408880, ""speed_KB_s"": 309}, {""source"": ""3.234.226.220:6003"", ""fragments"": 107, ""bytes"": 28049408, ""time_ms"": 411593, ""speed_KB_s"": 66}, {""source"": ""44.220.89.93:6002"", ""fragments"": 106, ""bytes"": 27787264, ""time_ms"": 411619, ""speed_KB_s"": 65}]"
2026-03-17 18:33:07.800,virginia,100.31.121.56,download-100.31.121.56-The Godfather - Home Movies.mkv.log,The Godfather - Home Movies.mkv,197256227,524288,377,4,False,354601,543,0,"[{""source"": ""44.192.106.49:6001"", ""fragments"": 19, ""bytes"": 9961472, ""time_ms"": 351528, ""speed_KB_s"": 27}, {""source"": ""13.39.21.10:6000"", ""fragments"": 269, ""bytes"": 140633123, ""time_ms"": 351121, ""speed_KB_s"": 391}, {""source"": ""3.234.226.220:6003"", ""fragments"": 45, ""bytes"": 23592960, ""time_ms"": 354561, ""speed_KB_s"": 64}, {""source"": ""44.220.89.93:6002"", ""fragments"": 44, ""bytes"": 23068672, ""time_ms"": 351192, ""speed_KB_s"": 64}]"
2026-03-17 18:38:38.783,virginia,100.31.121.56,download-100.31.121.56-The Godfather - Home Movies.mkv.log,The Godfather - Home Movies.mkv,197256227,1048576,189,4,False,330182,583,0,"[{""source"": ""44.192.106.49:6001"", ""fragments"": 9, ""bytes"": 9437184, ""time_ms"": 330169, ""speed_KB_s"": 27}, {""source"": ""13.39.21.10:6000"", ""fragments"": 140, ""bytes"": 145876003, ""time_ms"": 317936, ""speed_KB_s"": 448}, {""source"": ""3.234.226.220:6003"", ""fragments"": 20, ""bytes"": 20971520, ""time_ms"": 321022, ""speed_KB_s"": 63}, {""source"": ""44.220.89.93:6002"", ""fragments"": 20, ""bytes"": 20971520, ""time_ms"": 320672, ""speed_KB_s"": 63}]"
2026-03-17 18:44:31.528,virginia,100.31.121.56,download-100.31.121.56-The Godfather - Home Movies.mkv.log,The Godfather - Home Movies.mkv,197256227,2097152,95,4,False,351915,547,0,"[{""source"": ""44.192.106.49:6001"", ""fragments"": 5, ""bytes"": 10485760, ""time_ms"": 351904, ""speed_KB_s"": 29}, {""source"": ""13.39.21.10:6000"", ""fragments"": 70, ""bytes"": 146800640, ""time_ms"": 294804, ""speed_KB_s"": 486}, {""source"": ""3.234.226.220:6003"", ""fragments"": 10, ""bytes"": 20971520, ""time_ms"": 309802, ""speed_KB_s"": 66}, {""source"": ""44.220.89.93:6002"", ""fragments"": 10, ""bytes"": 18998307, ""time_ms"": 293195, ""speed_KB_s"": 63}]"
2026-03-17 14:23:34.542,virginia,56.155.81.174,download-56.155.81.174-The Godfather - Home Movies.mkv.log,The Godfather - Home Movies.mkv,197256227,262144,753,8,True,384984,500,0,"[{""source"": ""32.195.67.201:6001"", ""fragments"": 50, ""bytes"": 13107200, ""time_ms"": 366099, ""speed_KB_s"": 34}, {""source"": ""100.54.135.117:6005"", ""fragments"": 18, ""bytes"": 4718592, ""time_ms"": 384964, ""speed_KB_s"": 11}, {""source"": ""54.236.243.227:6004"", ""fragments"": 16, ""bytes"": 4194304, ""time_ms"": 375938, ""speed_KB_s"": 10}, {""source"": ""44.192.106.49:6001"", ""fragments"": 39, ""bytes"": 10223616, ""time_ms"": 373684, ""speed_KB_s"": 26}, {""source"": ""13.39.21.10:6000"", ""fragments"": 398, ""bytes"": 104195107, ""time_ms"": 365538, ""speed_KB_s"": 278}, {""source"": ""3.234.226.220:6003"", ""fragments"": 88, ""bytes"": 23068672, ""time_ms"": 366276, ""speed_KB_s"": 61}, {""source"": ""44.220.89.93:6002"", ""fragments"": 87, ""bytes"": 22806528, ""time_ms"": 367158, ""speed_KB_s"": 60}, {""source"": ""13.220.244.217:6002"", ""fragments"": 57, ""bytes"": 14942208, ""time_ms"": 368145, ""speed_KB_s"": 39}]"
2026-03-17 15:38:02.982,virginia,56.155.81.174,download-56.155.81.174-The Godfather - Home Movies.mkv.log,The Godfather - Home Movies.mkv,197256227,131072,1505,8,True,434715,443,0,"[{""source"": ""32.195.67.201:6001"", ""fragments"": 116, ""bytes"": 15204352, ""time_ms"": 424572, ""speed_KB_s"": 34}, {""source"": ""100.54.135.117:6005"", ""fragments"": 39, ""bytes"": 5111808, ""time_ms"": 426756, ""speed_KB_s"": 11}, {""source"": ""54.236.243.227:6004"", ""fragments"": 36, ""bytes"": 4718592, ""time_ms"": 434685, ""speed_KB_s"": 10}, {""source"": ""44.192.106.49:6001"", ""fragments"": 87, ""bytes"": 11403264, ""time_ms"": 425730, ""speed_KB_s"": 26}, {""source"": ""13.39.21.10:6000"", ""fragments"": 676, ""bytes"": 88604672, ""time_ms"": 424172, ""speed_KB_s"": 203}, {""source"": ""3.234.226.220:6003"", ""fragments"": 211, ""bytes"": 27656192, ""time_ms"": 424922, ""speed_KB_s"": 63}, {""source"": ""44.220.89.93:6002"", ""fragments"": 208, ""bytes"": 27255843, ""time_ms"": 425232, ""speed_KB_s"": 62}, {""source"": ""13.220.244.217:6002"", ""fragments"": 132, ""bytes"": 17301504, ""time_ms"": 426825, ""speed_KB_s"": 39}]"
